﻿ref 1;5895;18776977000160;1;59818585-85;47276144000139;96891985000161;2;1500.00;2000.00;500.00;2020-09-20;"45014506000198;47082481000195;40544278000144;BVV;2020-09-21;28630262000159;1;1500.00;0.00;0;2;25.85;REFERENCIA";"estabilidade_agenda;Agenda estável para o usuário final
recebedor;estabilidade:estável|dispersao:2359.50|media:6045.2;1";518;658;1
ref 2;5895;18776977000160;1;59818585-85;47276144000139;96891985000161;2;1500.00;2000.00;500.00;2020-09-20;"45014506000198;47082481000195;40544278000144;BVV;2020-09-21;28630262000159;1;1500.00;0.00;0;2;25.85;REFERENCIA";"estabilidade_agenda;Agenda estável para o usuário final
recebedor;estabilidade:estável|dispersao:2359.50|media:6045.2;1";518;658;1
ref 3;5895;18776977000160;1;59818585-85;47276144000139;96891985000161;2;1500.00;2000.00;500.00;2020-09-20;"45014506000198;47082481000195;40544278000144;BVV;2020-09-21;28630262000159;1;1500.00;0.00;0;2;25.85;REFERENCIA";"estabilidade_agenda;Agenda estável para o usuário final
recebedor;estabilidade:estável|dispersao:2359.50|media:6045.2;1";518;658;1
ref 4;5895;18776977000160;1;59818585-85;47276144000139;96891985000161;2;1500.00;2000.00;500.00;2020-09-20;"45014506000198;47082481000195;40544278000144;BVV;2020-09-21;28630262000159;1;1500.00;0.00;0;2;25.85;REFERENCIA";"estabilidade_agenda;Agenda estável para o usuário final
recebedor;estabilidade:estável|dispersao:2359.50|media:6045.2;1";518;658;1