﻿ref 1;19456784;52341925000108;69844094000181;84061137000146;369258147;01;Cliente nega operação com Financiador;2020-02-03T23:59:60Z
ref 2;96585124;52341925000108;01378419000144;84061137000146;369258148;01;Cliente nega operação com Financiador;2020-02-02T23:59:60Z
ref 3;15698657;52341925000108;51138406000176;15659137000120;369258149;03;Cliente informa que a operação diverge com o que foi acordado no contrato;2020-02-02T23:59:60Z
ref 4;47854236;52341925000108;03624397000180;15659137000120;369258150;04;Cliente nega relacionamento com Financiador;2020-01-20T23:59:60Z
ref 5;48459654;52341925000108;02661353000168;70384580000143;369258151;04;Cliente nega relacionamento com Financiador;2020-01-03T23:59:60Z
